stu_id,gender,age,activity_id,activity_type_id,course_id,duration_minutes
2,Male,23,1,2,1,8.0
2,Male,23,1,2,1,30.0
2,Male,23,2,2,1,17.0
2,Male,23,2,2,1,29.0
2,Male,23,3,3,1,6.0
2,Male,23,3,3,1,18.0
2,Male,23,4,1,2,30.0
2,Male,23,4,1,2,19.0
2,Male,23,5,4,2,6.0
2,Male,23,6,3,2,9.0
2,Male,23,6,3,2,10.0
2,Male,23,7,3,3,16.0
2,Male,23,7,3,3,11.0
2,Male,23,8,4,3,16.0
2,Male,23,9,2,3,13.0
2,Male,23,9,2,3,9.0
2,Male,23,10,3,4,8.0
2,Male,23,10,3,4,17.0
2,Male,23,10,3,4,20.0
2,Male,23,11,4,4,17.0
2,Male,23,11,4,4,12.0
2,Male,23,12,2,4,27.0
2,Male,23,12,2,4,8.0
2,Male,23,13,3,5,14.0
2,Male,23,13,3,5,10.0
2,Male,23,13,3,5,8.0
2,Male,23,14,3,5,17.0
2,Male,23,15,2,5,7.0
2,Male,23,15,2,5,22.0
5,Male,25,1,2,1,9.0
5,Male,25,1,2,1,29.0
5,Male,25,1,2,1,21.0
5,Male,25,2,2,1,18.0
5,Male,25,3,3,1,9.0
5,Male,25,3,3,1,18.0
5,Male,25,4,1,2,9.0
5,Male,25,4,1,2,5.0
5,Male,25,5,4,2,16.0
5,Male,25,5,4,2,26.0
5,Male,25,6,3,2,8.0
5,Male,25,6,3,2,13.0
5,Male,25,7,3,3,25.0
5,Male,25,7,3,3,19.0
5,Male,25,8,4,3,30.0
5,Male,25,8,4,3,14.0
5,Male,25,9,2,3,15.0
5,Male,25,9,2,3,17.0
5,Male,25,9,2,3,25.0
5,Male,25,10,3,4,16.0
5,Male,25,10,3,4,19.0
5,Male,25,11,4,4,14.0
5,Male,25,11,4,4,19.0
5,Male,25,12,2,4,14.0
5,Male,25,13,3,5,12.0
5,Male,25,13,3,5,27.0
5,Male,25,14,3,5,6.0
5,Male,25,15,2,5,27.0
5,Male,25,15,2,5,18.0
6,Male,21,1,2,1,24.0
6,Male,21,2,2,1,8.0
6,Male,21,3,3,1,12.0
6,Male,21,4,1,2,13.0
6,Male,21,4,1,2,21.0
6,Male,21,5,4,2,21.0
6,Male,21,5,4,2,24.0
6,Male,21,6,3,2,6.0
6,Male,21,6,3,2,14.0
6,Male,21,6,3,2,14.0
6,Male,21,7,3,3,28.0
6,Male,21,7,3,3,8.0
6,Male,21,7,3,3,25.0
6,Male,21,8,4,3,25.0
6,Male,21,9,2,3,27.0
6,Male,21,9,2,3,30.0
6,Male,21,10,3,4,9.0
6,Male,21,10,3,4,15.0
6,Male,21,11,4,4,15.0
6,Male,21,12,2,4,6.0
6,Male,21,13,3,5,20.0
6,Male,21,13,3,5,10.0
6,Male,21,13,3,5,14.0
6,Male,21,14,3,5,16.0
6,Male,21,14,3,5,24.0
6,Male,21,14,3,5,29.0
6,Male,21,15,2,5,10.0
7,Female,25,1,2,1,21.0
7,Female,25,1,2,1,5.0
7,Female,25,2,2,1,14.0
7,Female,25,3,3,1,14.0
7,Female,25,3,3,1,13.0
7,Female,25,4,1,2,20.0
7,Female,25,4,1,2,7.0
7,Female,25,5,4,2,9.0
7,Female,25,6,3,2,13.0
7,Female,25,7,3,3,24.0
7,Female,25,7,3,3,16.0
7,Female,25,8,4,3,8.0
7,Female,25,8,4,3,25.0
7,Female,25,9,2,3,13.0
7,Female,25,10,3,4,30.0
7,Female,25,10,3,4,12.0
7,Female,25,11,4,4,21.0
7,Female,25,12,2,4,8.0
7,Female,25,12,2,4,9.0
7,Female,25,13,3,5,17.0
7,Female,25,13,3,5,8.0
7,Female,25,14,3,5,30.0
7,Female,25,14,3,5,15.0
7,Female,25,15,2,5,13.0
7,Female,25,15,2,5,8.0
8,Male,25,1,2,1,12.0
8,Male,25,1,2,1,9.0
8,Male,25,1,2,1,29.0
8,Male,25,2,2,1,22.0
8,Male,25,2,2,1,20.0
8,Male,25,2,2,1,8.0
8,Male,25,3,3,1,6.0
8,Male,25,3,3,1,28.0
8,Male,25,3,3,1,29.0
8,Male,25,4,1,2,23.0
8,Male,25,4,1,2,11.0
8,Male,25,5,4,2,8.0
8,Male,25,5,4,2,24.0
8,Male,25,6,3,2,8.0
8,Male,25,6,3,2,22.0
8,Male,25,7,3,3,15.0
8,Male,25,7,3,3,26.0
8,Male,25,8,4,3,10.0
8,Male,25,8,4,3,29.0
8,Male,25,8,4,3,25.0
8,Male,25,9,2,3,30.0
8,Male,25,10,3,4,12.0
8,Male,25,10,3,4,23.0
8,Male,25,11,4,4,24.0
8,Male,25,11,4,4,30.0
8,Male,25,12,2,4,15.0
8,Male,25,13,3,5,25.0
8,Male,25,14,3,5,6.0
8,Male,25,14,3,5,29.0
8,Male,25,14,3,5,11.0
8,Male,25,15,2,5,26.0
8,Male,25,15,2,5,6.0
9,Female,24,1,2,1,6.0
9,Female,24,1,2,1,23.0
9,Female,24,2,2,1,28.0
9,Female,24,3,3,1,8.0
9,Female,24,3,3,1,15.0
9,Female,24,3,3,1,28.0
9,Female,24,4,1,2,25.0
9,Female,24,5,4,2,18.0
9,Female,24,6,3,2,21.0
9,Female,24,6,3,2,30.0
9,Female,24,6,3,2,17.0
9,Female,24,7,3,3,12.0
9,Female,24,7,3,3,28.0
9,Female,24,8,4,3,14.0
9,Female,24,8,4,3,21.0
9,Female,24,9,2,3,17.0
9,Female,24,9,2,3,13.0
9,Female,24,9,2,3,6.0
9,Female,24,10,3,4,25.0
9,Female,24,10,3,4,28.0
9,Female,24,10,3,4,9.0
9,Female,24,11,4,4,28.0
9,Female,24,12,2,4,24.0
9,Female,24,12,2,4,10.0
9,Female,24,13,3,5,26.0
9,Female,24,13,3,5,7.0
9,Female,24,14,3,5,22.0
9,Female,24,14,3,5,11.0
9,Female,24,15,2,5,12.0
10,Female,21,1,2,1,8.0
10,Female,21,2,2,1,6.0
10,Female,21,2,2,1,19.0
10,Female,21,3,3,1,27.0
10,Female,21,4,1,2,7.0
10,Female,21,4,1,2,22.0
10,Female,21,5,4,2,10.0
10,Female,21,5,4,2,10.0
10,Female,21,6,3,2,13.0
10,Female,21,6,3,2,16.0
10,Female,21,7,3,3,27.0
10,Female,21,7,3,3,25.0
10,Female,21,7,3,3,12.0
10,Female,21,8,4,3,30.0
10,Female,21,8,4,3,19.0
10,Female,21,9,2,3,26.0
10,Female,21,10,3,4,23.0
10,Female,21,10,3,4,12.0
10,Female,21,10,3,4,13.0
10,Female,21,11,4,4,30.0
10,Female,21,11,4,4,8.0
10,Female,21,12,2,4,26.0
10,Female,21,12,2,4,28.0
10,Female,21,13,3,5,6.0
10,Female,21,13,3,5,18.0
10,Female,21,13,3,5,28.0
10,Female,21,14,3,5,13.0
10,Female,21,14,3,5,16.0
10,Female,21,15,2,5,19.0
11,Female,24,1,2,1,9.0
11,Female,24,2,2,1,11.0
11,Female,24,3,3,1,25.0
11,Female,24,3,3,1,27.0
11,Female,24,3,3,1,19.0
11,Female,24,4,1,2,8.0
11,Female,24,5,4,2,25.0
11,Female,24,6,3,2,28.0
11,Female,24,6,3,2,26.0
11,Female,24,7,3,3,22.0
11,Female,24,8,4,3,28.0
11,Female,24,9,2,3,21.0
11,Female,24,10,3,4,28.0
11,Female,24,10,3,4,15.0
11,Female,24,11,4,4,15.0
11,Female,24,11,4,4,21.0
11,Female,24,12,2,4,22.0
11,Female,24,12,2,4,8.0
11,Female,24,13,3,5,29.0
11,Female,24,13,3,5,18.0
11,Female,24,14,3,5,12.0
11,Female,24,15,2,5,12.0
11,Female,24,15,2,5,21.0
12,Female,21,1,2,1,5.0
12,Female,21,1,2,1,23.0
12,Female,21,2,2,1,7.0
12,Female,21,2,2,1,16.0
12,Female,21,3,3,1,12.0
12,Female,21,4,1,2,22.0
12,Female,21,5,4,2,27.0
12,Female,21,5,4,2,17.0
12,Female,21,5,4,2,20.0
12,Female,21,6,3,2,26.0
12,Female,21,6,3,2,15.0
12,Female,21,7,3,3,29.0
12,Female,21,7,3,3,24.0
12,Female,21,7,3,3,29.0
12,Female,21,8,4,3,6.0
12,Female,21,8,4,3,12.0
12,Female,21,9,2,3,11.0
12,Female,21,10,3,4,19.0
12,Female,21,10,3,4,21.0
12,Female,21,10,3,4,19.0
12,Female,21,11,4,4,8.0
12,Female,21,11,4,4,25.0
12,Female,21,12,2,4,18.0
12,Female,21,12,2,4,8.0
12,Female,21,13,3,5,10.0
12,Female,21,13,3,5,19.0
12,Female,21,14,3,5,19.0
12,Female,21,15,2,5,26.0
12,Female,21,15,2,5,9.0
12,Female,21,15,2,5,15.0
13,Female,20,1,2,1,21.0
13,Female,20,2,2,1,16.0
13,Female,20,3,3,1,8.0
13,Female,20,3,3,1,22.0
13,Female,20,4,1,2,5.0
13,Female,20,4,1,2,30.0
13,Female,20,4,1,2,23.0
13,Female,20,5,4,2,27.0
13,Female,20,5,4,2,23.0
13,Female,20,6,3,2,19.0
13,Female,20,7,3,3,29.0
13,Female,20,8,4,3,9.0
13,Female,20,8,4,3,21.0
13,Female,20,9,2,3,29.0
13,Female,20,9,2,3,10.0
13,Female,20,9,2,3,8.0
13,Female,20,10,3,4,6.0
13,Female,20,11,4,4,20.0
13,Female,20,12,2,4,23.0
13,Female,20,12,2,4,15.0
13,Female,20,13,3,5,8.0
13,Female,20,13,3,5,29.0
13,Female,20,13,3,5,29.0
13,Female,20,14,3,5,26.0
13,Female,20,14,3,5,14.0
13,Female,20,15,2,5,5.0
13,Female,20,15,2,5,27.0
13,Female,20,15,2,5,22.0
15,Male,23,1,2,1,8.0
15,Male,23,1,2,1,30.0
15,Male,23,2,2,1,10.0
15,Male,23,3,3,1,6.0
15,Male,23,3,3,1,6.0
15,Male,23,4,1,2,21.0
15,Male,23,4,1,2,24.0
15,Male,23,5,4,2,30.0
15,Male,23,5,4,2,10.0
15,Male,23,6,3,2,6.0
15,Male,23,6,3,2,17.0
15,Male,23,7,3,3,18.0
15,Male,23,7,3,3,29.0
15,Male,23,8,4,3,6.0
15,Male,23,8,4,3,17.0
15,Male,23,9,2,3,19.0
15,Male,23,9,2,3,13.0
15,Male,23,9,2,3,13.0
15,Male,23,10,3,4,9.0
15,Male,23,11,4,4,21.0
15,Male,23,11,4,4,24.0
15,Male,23,11,4,4,30.0
15,Male,23,12,2,4,25.0
15,Male,23,12,2,4,12.0
15,Male,23,12,2,4,19.0
15,Male,23,13,3,5,26.0
15,Male,23,13,3,5,8.0
15,Male,23,14,3,5,26.0
15,Male,23,15,2,5,9.0
15,Male,23,15,2,5,19.0
15,Male,23,15,2,5,19.0
16,Male,20,1,2,1,16.0
16,Male,20,2,2,1,5.0
16,Male,20,2,2,1,17.0
16,Male,20,3,3,1,14.0
16,Male,20,3,3,1,17.0
16,Male,20,3,3,1,13.0
16,Male,20,4,1,2,28.0
16,Male,20,4,1,2,12.0
16,Male,20,4,1,2,26.0
16,Male,20,5,4,2,19.0
16,Male,20,6,3,2,9.0
16,Male,20,6,3,2,12.0
16,Male,20,6,3,2,29.0
16,Male,20,7,3,3,21.0
16,Male,20,7,3,3,29.0
16,Male,20,8,4,3,11.0
16,Male,20,8,4,3,19.0
16,Male,20,8,4,3,10.0
16,Male,20,9,2,3,7.0
16,Male,20,9,2,3,19.0
16,Male,20,9,2,3,7.0
16,Male,20,10,3,4,6.0
16,Male,20,11,4,4,19.0
16,Male,20,11,4,4,7.0
16,Male,20,12,2,4,11.0
16,Male,20,12,2,4,25.0
16,Male,20,13,3,5,9.0
16,Male,20,13,3,5,14.0
16,Male,20,14,3,5,14.0
16,Male,20,14,3,5,23.0
16,Male,20,15,2,5,7.0
16,Male,20,15,2,5,13.0
17,Female,20,1,2,1,10.0
17,Female,20,1,2,1,27.0
17,Female,20,1,2,1,23.0
17,Female,20,2,2,1,23.0
17,Female,20,2,2,1,7.0
17,Female,20,3,3,1,8.0
17,Female,20,3,3,1,20.0
17,Female,20,4,1,2,6.0
17,Female,20,5,4,2,28.0
17,Female,20,5,4,2,30.0
17,Female,20,6,3,2,27.0
17,Female,20,6,3,2,29.0
17,Female,20,7,3,3,8.0
17,Female,20,7,3,3,16.0
17,Female,20,8,4,3,12.0
17,Female,20,8,4,3,8.0
17,Female,20,9,2,3,7.0
17,Female,20,9,2,3,20.0
17,Female,20,10,3,4,17.0
17,Female,20,10,3,4,20.0
17,Female,20,10,3,4,15.0
17,Female,20,11,4,4,18.0
17,Female,20,11,4,4,30.0
17,Female,20,11,4,4,14.0
17,Female,20,12,2,4,28.0
17,Female,20,13,3,5,15.0
17,Female,20,14,3,5,21.0
17,Female,20,14,3,5,30.0
17,Female,20,15,2,5,22.0
18,Female,24,1,2,1,18.0
18,Female,24,1,2,1,18.0
18,Female,24,2,2,1,12.0
18,Female,24,3,3,1,14.0
18,Female,24,3,3,1,5.0
18,Female,24,3,3,1,9.0
18,Female,24,4,1,2,26.0
18,Female,24,5,4,2,24.0
18,Female,24,5,4,2,16.0
18,Female,24,5,4,2,26.0
18,Female,24,6,3,2,27.0
18,Female,24,6,3,2,11.0
18,Female,24,7,3,3,24.0
18,Female,24,7,3,3,22.0
18,Female,24,8,4,3,16.0
18,Female,24,8,4,3,7.0
18,Female,24,8,4,3,28.0
18,Female,24,9,2,3,23.0
18,Female,24,9,2,3,14.0
18,Female,24,10,3,4,28.0
18,Female,24,10,3,4,6.0
18,Female,24,11,4,4,9.0
18,Female,24,11,4,4,19.0
18,Female,24,12,2,4,16.0
18,Female,24,12,2,4,23.0
18,Female,24,13,3,5,27.0
18,Female,24,13,3,5,15.0
18,Female,24,14,3,5,6.0
18,Female,24,14,3,5,17.0
18,Female,24,15,2,5,17.0
19,Female,20,1,2,1,30.0
19,Female,20,2,2,1,9.0
19,Female,20,2,2,1,18.0
19,Female,20,3,3,1,14.0
19,Female,20,3,3,1,24.0
19,Female,20,4,1,2,17.0
19,Female,20,5,4,2,22.0
19,Female,20,5,4,2,26.0
19,Female,20,6,3,2,18.0
19,Female,20,6,3,2,18.0
19,Female,20,7,3,3,14.0
19,Female,20,7,3,3,9.0
19,Female,20,8,4,3,6.0
19,Female,20,8,4,3,16.0
19,Female,20,9,2,3,25.0
19,Female,20,9,2,3,10.0
19,Female,20,10,3,4,27.0
19,Female,20,10,3,4,21.0
19,Female,20,10,3,4,17.0
19,Female,20,11,4,4,13.0
19,Female,20,12,2,4,15.0
19,Female,20,13,3,5,21.0
19,Female,20,14,3,5,16.0
19,Female,20,14,3,5,17.0
19,Female,20,15,2,5,10.0
19,Female,20,15,2,5,7.0
19,Female,20,15,2,5,22.0
20,Female,20,1,2,1,21.0
20,Female,20,1,2,1,23.0
20,Female,20,2,2,1,25.0
20,Female,20,3,3,1,13.0
20,Female,20,4,1,2,17.0
20,Female,20,4,1,2,14.0
20,Female,20,5,4,2,24.0
20,Female,20,6,3,2,27.0
20,Female,20,6,3,2,8.0
20,Female,20,7,3,3,10.0
20,Female,20,7,3,3,28.0
20,Female,20,7,3,3,13.0
20,Female,20,8,4,3,25.0
20,Female,20,8,4,3,14.0
20,Female,20,9,2,3,17.0
20,Female,20,9,2,3,13.0
20,Female,20,9,2,3,16.0
20,Female,20,10,3,4,28.0
20,Female,20,11,4,4,20.0
20,Female,20,11,4,4,30.0
20,Female,20,12,2,4,29.0
20,Female,20,12,2,4,18.0
20,Female,20,13,3,5,24.0
20,Female,20,13,3,5,16.0
20,Female,20,14,3,5,16.0
20,Female,20,15,2,5,15.0
21,Female,22,1,2,1,21.0
21,Female,22,2,2,1,27.0
21,Female,22,2,2,1,25.0
21,Female,22,3,3,1,22.0
21,Female,22,3,3,1,9.0
21,Female,22,4,1,2,21.0
21,Female,22,5,4,2,20.0
21,Female,22,6,3,2,15.0
21,Female,22,6,3,2,28.0
21,Female,22,6,3,2,12.0
21,Female,22,7,3,3,25.0
21,Female,22,7,3,3,26.0
21,Female,22,8,4,3,9.0
21,Female,22,8,4,3,27.0
21,Female,22,9,2,3,5.0
21,Female,22,9,2,3,10.0
21,Female,22,9,2,3,27.0
21,Female,22,10,3,4,28.0
21,Female,22,11,4,4,15.0
21,Female,22,12,2,4,11.0
21,Female,22,12,2,4,6.0
21,Female,22,13,3,5,6.0
21,Female,22,13,3,5,24.0
21,Female,22,13,3,5,26.0
21,Female,22,14,3,5,26.0
21,Female,22,15,2,5,22.0
22,Male,21,1,2,1,12.0
22,Male,21,2,2,1,15.0
22,Male,21,2,2,1,20.0
22,Male,21,3,3,1,14.0
22,Male,21,3,3,1,8.0
22,Male,21,3,3,1,13.0
22,Male,21,4,1,2,16.0
22,Male,21,4,1,2,21.0
22,Male,21,5,4,2,5.0
22,Male,21,5,4,2,19.0
22,Male,21,5,4,2,27.0
22,Male,21,6,3,2,25.0
22,Male,21,7,3,3,11.0
22,Male,21,7,3,3,28.0
22,Male,21,8,4,3,10.0
22,Male,21,8,4,3,18.0
22,Male,21,8,4,3,6.0
22,Male,21,9,2,3,12.0
22,Male,21,10,3,4,17.0
22,Male,21,11,4,4,24.0
22,Male,21,12,2,4,7.0
22,Male,21,13,3,5,21.0
22,Male,21,14,3,5,7.0
22,Male,21,14,3,5,10.0
22,Male,21,15,2,5,20.0
22,Male,21,15,2,5,10.0
22,Male,21,15,2,5,15.0
23,Female,25,1,2,1,5.0
23,Female,25,1,2,1,8.0
23,Female,25,1,2,1,12.0
23,Female,25,2,2,1,6.0
23,Female,25,2,2,1,8.0
23,Female,25,3,3,1,9.0
23,Female,25,3,3,1,18.0
23,Female,25,3,3,1,8.0
23,Female,25,4,1,2,19.0
23,Female,25,5,4,2,15.0
23,Female,25,6,3,2,26.0
23,Female,25,6,3,2,19.0
23,Female,25,7,3,3,9.0
23,Female,25,8,4,3,8.0
23,Female,25,8,4,3,21.0
23,Female,25,9,2,3,13.0
23,Female,25,9,2,3,22.0
23,Female,25,10,3,4,15.0
23,Female,25,10,3,4,16.0
23,Female,25,11,4,4,9.0
23,Female,25,12,2,4,8.0
23,Female,25,13,3,5,27.0
23,Female,25,13,3,5,22.0
23,Female,25,13,3,5,10.0
23,Female,25,14,3,5,26.0
23,Female,25,15,2,5,5.0
24,Female,25,1,2,1,30.0
24,Female,25,2,2,1,27.0
24,Female,25,3,3,1,16.0
24,Female,25,3,3,1,12.0
24,Female,25,4,1,2,20.0
24,Female,25,5,4,2,7.0
24,Female,25,6,3,2,8.0
24,Female,25,6,3,2,10.0
24,Female,25,6,3,2,24.0
24,Female,25,7,3,3,22.0
24,Female,25,7,3,3,25.0
24,Female,25,8,4,3,25.0
24,Female,25,8,4,3,23.0
24,Female,25,8,4,3,8.0
24,Female,25,9,2,3,23.0
24,Female,25,9,2,3,16.0
24,Female,25,9,2,3,5.0
24,Female,25,10,3,4,17.0
24,Female,25,11,4,4,5.0
24,Female,25,11,4,4,16.0
24,Female,25,12,2,4,19.0
24,Female,25,12,2,4,23.0
24,Female,25,13,3,5,6.0
24,Female,25,14,3,5,9.0
24,Female,25,14,3,5,21.0
24,Female,25,15,2,5,16.0
26,Female,20,1,2,1,5.0
26,Female,20,2,2,1,11.0
26,Female,20,2,2,1,16.0
26,Female,20,3,3,1,24.0
26,Female,20,3,3,1,15.0
26,Female,20,3,3,1,9.0
26,Female,20,4,1,2,9.0
26,Female,20,4,1,2,15.0
26,Female,20,5,4,2,25.0
26,Female,20,5,4,2,6.0
26,Female,20,6,3,2,11.0
26,Female,20,7,3,3,20.0
26,Female,20,7,3,3,5.0
26,Female,20,7,3,3,15.0
26,Female,20,8,4,3,30.0
26,Female,20,9,2,3,26.0
26,Female,20,9,2,3,14.0
26,Female,20,9,2,3,18.0
26,Female,20,10,3,4,30.0
26,Female,20,10,3,4,25.0
26,Female,20,10,3,4,6.0
26,Female,20,11,4,4,5.0
26,Female,20,11,4,4,6.0
26,Female,20,11,4,4,9.0
26,Female,20,12,2,4,23.0
26,Female,20,12,2,4,22.0
26,Female,20,13,3,5,7.0
26,Female,20,14,3,5,17.0
26,Female,20,15,2,5,6.0
27,Female,23,1,2,1,12.0
27,Female,23,1,2,1,8.0
27,Female,23,1,2,1,12.0
27,Female,23,2,2,1,26.0
27,Female,23,2,2,1,26.0
27,Female,23,3,3,1,22.0
27,Female,23,3,3,1,7.0
27,Female,23,4,1,2,28.0
27,Female,23,4,1,2,6.0
27,Female,23,5,4,2,14.0
27,Female,23,5,4,2,6.0
27,Female,23,6,3,2,11.0
27,Female,23,6,3,2,15.0
27,Female,23,7,3,3,27.0
27,Female,23,8,4,3,14.0
27,Female,23,8,4,3,13.0
27,Female,23,8,4,3,14.0
27,Female,23,9,2,3,15.0
27,Female,23,9,2,3,29.0
27,Female,23,10,3,4,11.0
27,Female,23,10,3,4,12.0
27,Female,23,11,4,4,27.0
27,Female,23,11,4,4,16.0
27,Female,23,12,2,4,30.0
27,Female,23,12,2,4,19.0
27,Female,23,13,3,5,13.0
27,Female,23,13,3,5,10.0
27,Female,23,14,3,5,15.0
27,Female,23,14,3,5,6.0
27,Female,23,15,2,5,14.0
27,Female,23,15,2,5,5.0
27,Female,23,15,2,5,14.0
28,Female,20,1,2,1,17.0
28,Female,20,1,2,1,16.0
28,Female,20,1,2,1,29.0
28,Female,20,2,2,1,15.0
28,Female,20,3,3,1,22.0
28,Female,20,3,3,1,10.0
28,Female,20,4,1,2,30.0
28,Female,20,5,4,2,8.0
28,Female,20,5,4,2,27.0
28,Female,20,5,4,2,9.0
28,Female,20,6,3,2,15.0
28,Female,20,6,3,2,8.0
28,Female,20,6,3,2,17.0
28,Female,20,7,3,3,9.0
28,Female,20,8,4,3,19.0
28,Female,20,9,2,3,7.0
28,Female,20,9,2,3,5.0
28,Female,20,10,3,4,15.0
28,Female,20,10,3,4,12.0
28,Female,20,10,3,4,12.0
28,Female,20,11,4,4,11.0
28,Female,20,11,4,4,21.0
28,Female,20,12,2,4,10.0
28,Female,20,12,2,4,30.0
28,Female,20,12,2,4,8.0
28,Female,20,13,3,5,27.0
28,Female,20,13,3,5,9.0
28,Female,20,14,3,5,26.0
28,Female,20,15,2,5,19.0
28,Female,20,15,2,5,23.0
30,Female,22,1,2,1,6.0
30,Female,22,1,2,1,30.0
30,Female,22,2,2,1,13.0
30,Female,22,2,2,1,7.0
30,Female,22,2,2,1,23.0
30,Female,22,3,3,1,28.0
30,Female,22,4,1,2,9.0
30,Female,22,4,1,2,8.0
30,Female,22,5,4,2,9.0
30,Female,22,5,4,2,14.0
30,Female,22,6,3,2,25.0
30,Female,22,6,3,2,19.0
30,Female,22,6,3,2,6.0
30,Female,22,7,3,3,8.0
30,Female,22,7,3,3,23.0
30,Female,22,8,4,3,19.0
30,Female,22,8,4,3,25.0
30,Female,22,9,2,3,17.0
30,Female,22,9,2,3,5.0
30,Female,22,10,3,4,6.0
30,Female,22,10,3,4,29.0
30,Female,22,11,4,4,19.0
30,Female,22,11,4,4,18.0
30,Female,22,11,4,4,20.0
30,Female,22,12,2,4,30.0
30,Female,22,13,3,5,9.0
30,Female,22,14,3,5,13.0
30,Female,22,14,3,5,6.0
30,Female,22,15,2,5,12.0
30,Female,22,15,2,5,16.0
31,Male,19,1,2,1,7.0
31,Male,19,2,2,1,29.0
31,Male,19,3,3,1,10.0
31,Male,19,3,3,1,29.0
31,Male,19,3,3,1,29.0
31,Male,19,4,1,2,29.0
31,Male,19,4,1,2,28.0
31,Male,19,4,1,2,24.0
31,Male,19,5,4,2,26.0
31,Male,19,5,4,2,27.0
31,Male,19,6,3,2,14.0
31,Male,19,7,3,3,26.0
31,Male,19,7,3,3,16.0
31,Male,19,8,4,3,20.0
31,Male,19,8,4,3,30.0
31,Male,19,8,4,3,23.0
31,Male,19,9,2,3,25.0
31,Male,19,10,3,4,5.0
31,Male,19,10,3,4,29.0
31,Male,19,11,4,4,23.0
31,Male,19,12,2,4,11.0
31,Male,19,12,2,4,13.0
31,Male,19,13,3,5,22.0
31,Male,19,13,3,5,21.0
31,Male,19,14,3,5,27.0
31,Male,19,15,2,5,19.0
31,Male,19,15,2,5,17.0
32,Female,23,1,2,1,24.0
32,Female,23,1,2,1,29.0
32,Female,23,2,2,1,8.0
32,Female,23,2,2,1,28.0
32,Female,23,3,3,1,14.0
32,Female,23,3,3,1,17.0
32,Female,23,3,3,1,16.0
32,Female,23,4,1,2,27.0
32,Female,23,5,4,2,27.0
32,Female,23,5,4,2,17.0
32,Female,23,6,3,2,15.0
32,Female,23,6,3,2,30.0
32,Female,23,7,3,3,9.0
32,Female,23,7,3,3,21.0
32,Female,23,8,4,3,22.0
32,Female,23,8,4,3,16.0
32,Female,23,9,2,3,29.0
32,Female,23,10,3,4,21.0
32,Female,23,10,3,4,29.0
32,Female,23,11,4,4,29.0
32,Female,23,12,2,4,11.0
32,Female,23,12,2,4,7.0
32,Female,23,13,3,5,26.0
32,Female,23,13,3,5,28.0
32,Female,23,14,3,5,5.0
32,Female,23,14,3,5,21.0
32,Female,23,15,2,5,29.0
32,Female,23,15,2,5,12.0
32,Female,23,15,2,5,14.0
33,Female,25,1,2,1,29.0
33,Female,25,1,2,1,9.0
33,Female,25,1,2,1,28.0
33,Female,25,2,2,1,15.0
33,Female,25,2,2,1,29.0
33,Female,25,3,3,1,18.0
33,Female,25,4,1,2,15.0
33,Female,25,4,1,2,8.0
33,Female,25,5,4,2,30.0
33,Female,25,5,4,2,18.0
33,Female,25,5,4,2,10.0
33,Female,25,6,3,2,14.0
33,Female,25,7,3,3,24.0
33,Female,25,8,4,3,11.0
33,Female,25,9,2,3,7.0
33,Female,25,10,3,4,30.0
33,Female,25,10,3,4,25.0
33,Female,25,10,3,4,7.0
33,Female,25,11,4,4,30.0
33,Female,25,12,2,4,13.0
33,Female,25,13,3,5,19.0
33,Female,25,13,3,5,10.0
33,Female,25,13,3,5,11.0
33,Female,25,14,3,5,22.0
33,Female,25,14,3,5,23.0
33,Female,25,15,2,5,18.0
34,Female,23,1,2,1,12.0
34,Female,23,1,2,1,8.0
34,Female,23,1,2,1,14.0
34,Female,23,2,2,1,6.0
34,Female,23,2,2,1,29.0
34,Female,23,3,3,1,25.0
34,Female,23,3,3,1,14.0
34,Female,23,3,3,1,7.0
34,Female,23,4,1,2,26.0
34,Female,23,4,1,2,28.0
34,Female,23,5,4,2,8.0
34,Female,23,5,4,2,24.0
34,Female,23,6,3,2,26.0
34,Female,23,6,3,2,7.0
34,Female,23,6,3,2,21.0
34,Female,23,7,3,3,26.0
34,Female,23,7,3,3,12.0
34,Female,23,8,4,3,30.0
34,Female,23,8,4,3,5.0
34,Female,23,8,4,3,13.0
34,Female,23,9,2,3,24.0
34,Female,23,10,3,4,13.0
34,Female,23,10,3,4,26.0
34,Female,23,11,4,4,28.0
34,Female,23,11,4,4,28.0
34,Female,23,12,2,4,12.0
34,Female,23,12,2,4,25.0
34,Female,23,12,2,4,24.0
34,Female,23,13,3,5,23.0
34,Female,23,13,3,5,22.0
34,Female,23,14,3,5,25.0
34,Female,23,14,3,5,17.0
34,Female,23,15,2,5,9.0
35,Male,23,1,2,1,27.0
35,Male,23,1,2,1,15.0
35,Male,23,2,2,1,22.0
35,Male,23,2,2,1,27.0
35,Male,23,3,3,1,21.0
35,Male,23,4,1,2,8.0
35,Male,23,4,1,2,24.0
35,Male,23,5,4,2,8.0
35,Male,23,5,4,2,13.0
35,Male,23,5,4,2,14.0
35,Male,23,6,3,2,20.0
35,Male,23,6,3,2,11.0
35,Male,23,6,3,2,21.0
35,Male,23,7,3,3,15.0
35,Male,23,8,4,3,10.0
35,Male,23,8,4,3,29.0
35,Male,23,9,2,3,22.0
35,Male,23,9,2,3,11.0
35,Male,23,10,3,4,22.0
35,Male,23,11,4,4,24.0
35,Male,23,12,2,4,8.0
35,Male,23,13,3,5,26.0
35,Male,23,13,3,5,23.0
35,Male,23,14,3,5,25.0
35,Male,23,15,2,5,30.0
35,Male,23,15,2,5,24.0
36,Female,23,1,2,1,7.0
36,Female,23,1,2,1,11.0
36,Female,23,2,2,1,20.0
36,Female,23,3,3,1,28.0
36,Female,23,3,3,1,16.0
36,Female,23,4,1,2,7.0
36,Female,23,4,1,2,10.0
36,Female,23,5,4,2,26.0
36,Female,23,5,4,2,30.0
36,Female,23,6,3,2,8.0
36,Female,23,6,3,2,5.0
36,Female,23,7,3,3,5.0
36,Female,23,7,3,3,29.0
36,Female,23,7,3,3,8.0
36,Female,23,8,4,3,21.0
36,Female,23,8,4,3,26.0
36,Female,23,9,2,3,14.0
36,Female,23,10,3,4,19.0
36,Female,23,10,3,4,22.0
36,Female,23,11,4,4,24.0
36,Female,23,11,4,4,21.0
36,Female,23,12,2,4,29.0
36,Female,23,13,3,5,21.0
36,Female,23,13,3,5,16.0
36,Female,23,14,3,5,19.0
36,Female,23,14,3,5,10.0
36,Female,23,15,2,5,23.0
37,Female,20,1,2,1,18.0
37,Female,20,1,2,1,10.0
37,Female,20,1,2,1,17.0
37,Female,20,2,2,1,25.0
37,Female,20,2,2,1,30.0
37,Female,20,3,3,1,16.0
37,Female,20,3,3,1,17.0
37,Female,20,3,3,1,11.0
37,Female,20,4,1,2,18.0
37,Female,20,5,4,2,21.0
37,Female,20,6,3,2,24.0
37,Female,20,7,3,3,13.0
37,Female,20,8,4,3,18.0
37,Female,20,9,2,3,11.0
37,Female,20,9,2,3,17.0
37,Female,20,10,3,4,10.0
37,Female,20,11,4,4,8.0
37,Female,20,11,4,4,30.0
37,Female,20,12,2,4,11.0
37,Female,20,13,3,5,17.0
37,Female,20,13,3,5,16.0
37,Female,20,14,3,5,8.0
37,Female,20,14,3,5,11.0
37,Female,20,15,2,5,16.0
37,Female,20,15,2,5,7.0
37,Female,20,15,2,5,17.0
38,Female,23,1,2,1,16.0
38,Female,23,2,2,1,18.0
38,Female,23,2,2,1,28.0
38,Female,23,3,3,1,6.0
38,Female,23,3,3,1,24.0
38,Female,23,4,1,2,20.0
38,Female,23,5,4,2,6.0
38,Female,23,5,4,2,26.0
38,Female,23,6,3,2,20.0
38,Female,23,6,3,2,10.0
38,Female,23,7,3,3,23.0
38,Female,23,7,3,3,10.0
38,Female,23,8,4,3,29.0
38,Female,23,8,4,3,11.0
38,Female,23,9,2,3,25.0
38,Female,23,9,2,3,16.0
38,Female,23,9,2,3,18.0
38,Female,23,10,3,4,19.0
38,Female,23,10,3,4,28.0
38,Female,23,10,3,4,28.0
38,Female,23,11,4,4,27.0
38,Female,23,11,4,4,7.0
38,Female,23,12,2,4,21.0
38,Female,23,12,2,4,22.0
38,Female,23,13,3,5,11.0
38,Female,23,13,3,5,5.0
38,Female,23,13,3,5,29.0
38,Female,23,14,3,5,5.0
38,Female,23,14,3,5,22.0
38,Female,23,15,2,5,8.0
39,Male,24,1,2,1,22.0
39,Male,24,1,2,1,8.0
39,Male,24,2,2,1,19.0
39,Male,24,3,3,1,9.0
39,Male,24,3,3,1,27.0
39,Male,24,3,3,1,11.0
39,Male,24,4,1,2,6.0
39,Male,24,4,1,2,18.0
39,Male,24,5,4,2,29.0
39,Male,24,5,4,2,15.0
39,Male,24,5,4,2,18.0
39,Male,24,6,3,2,25.0
39,Male,24,6,3,2,7.0
39,Male,24,6,3,2,25.0
39,Male,24,7,3,3,12.0
39,Male,24,7,3,3,14.0
39,Male,24,7,3,3,11.0
39,Male,24,8,4,3,8.0
39,Male,24,8,4,3,5.0
39,Male,24,8,4,3,13.0
39,Male,24,9,2,3,28.0
39,Male,24,9,2,3,30.0
39,Male,24,10,3,4,11.0
39,Male,24,11,4,4,13.0
39,Male,24,11,4,4,11.0
39,Male,24,12,2,4,30.0
39,Male,24,12,2,4,22.0
39,Male,24,12,2,4,27.0
39,Male,24,13,3,5,11.0
39,Male,24,14,3,5,25.0
39,Male,24,14,3,5,5.0
39,Male,24,14,3,5,6.0
39,Male,24,15,2,5,29.0
39,Male,24,15,2,5,23.0
41,Male,24,1,2,1,25.0
41,Male,24,1,2,1,10.0
41,Male,24,2,2,1,5.0
41,Male,24,2,2,1,9.0
41,Male,24,2,2,1,11.0
41,Male,24,3,3,1,7.0
41,Male,24,4,1,2,18.0
41,Male,24,5,4,2,7.0
41,Male,24,5,4,2,28.0
41,Male,24,6,3,2,12.0
41,Male,24,6,3,2,26.0
41,Male,24,7,3,3,7.0
41,Male,24,7,3,3,22.0
41,Male,24,7,3,3,18.0
41,Male,24,8,4,3,9.0
41,Male,24,8,4,3,19.0
41,Male,24,9,2,3,24.0
41,Male,24,9,2,3,9.0
41,Male,24,10,3,4,19.0
41,Male,24,10,3,4,21.0
41,Male,24,11,4,4,19.0
41,Male,24,11,4,4,5.0
41,Male,24,11,4,4,18.0
41,Male,24,12,2,4,8.0
41,Male,24,13,3,5,8.0
41,Male,24,14,3,5,19.0
41,Male,24,14,3,5,24.0
41,Male,24,15,2,5,21.0
42,Male,18,1,2,1,23.0
42,Male,18,2,2,1,10.0
42,Male,18,3,3,1,22.0
42,Male,18,3,3,1,23.0
42,Male,18,3,3,1,20.0
42,Male,18,4,1,2,10.0
42,Male,18,4,1,2,15.0
42,Male,18,4,1,2,18.0
42,Male,18,5,4,2,11.0
42,Male,18,6,3,2,9.0
42,Male,18,7,3,3,13.0
42,Male,18,7,3,3,15.0
42,Male,18,8,4,3,24.0
42,Male,18,8,4,3,24.0
42,Male,18,9,2,3,12.0
42,Male,18,9,2,3,12.0
42,Male,18,10,3,4,12.0
42,Male,18,11,4,4,24.0
42,Male,18,11,4,4,25.0
42,Male,18,11,4,4,15.0
42,Male,18,12,2,4,19.0
42,Male,18,13,3,5,13.0
42,Male,18,14,3,5,19.0
42,Male,18,14,3,5,22.0
42,Male,18,15,2,5,24.0
45,Female,22,1,2,1,19.0
45,Female,22,2,2,1,14.0
45,Female,22,3,3,1,21.0
45,Female,22,4,1,2,23.0
45,Female,22,5,4,2,23.0
45,Female,22,6,3,2,29.0
45,Female,22,6,3,2,28.0
45,Female,22,6,3,2,13.0
45,Female,22,7,3,3,21.0
45,Female,22,7,3,3,26.0
45,Female,22,7,3,3,27.0
45,Female,22,8,4,3,8.0
45,Female,22,8,4,3,24.0
45,Female,22,8,4,3,23.0
45,Female,22,9,2,3,29.0
45,Female,22,9,2,3,30.0
45,Female,22,9,2,3,23.0
45,Female,22,10,3,4,29.0
45,Female,22,11,4,4,11.0
45,Female,22,11,4,4,28.0
45,Female,22,12,2,4,14.0
45,Female,22,12,2,4,30.0
45,Female,22,12,2,4,5.0
45,Female,22,13,3,5,10.0
45,Female,22,13,3,5,14.0
45,Female,22,14,3,5,13.0
45,Female,22,15,2,5,6.0
45,Female,22,15,2,5,17.0
45,Female,22,15,2,5,21.0
46,Female,22,1,2,1,28.0
46,Female,22,1,2,1,10.0
46,Female,22,2,2,1,15.0
46,Female,22,2,2,1,22.0
46,Female,22,2,2,1,21.0
46,Female,22,3,3,1,23.0
46,Female,22,3,3,1,21.0
46,Female,22,3,3,1,11.0
46,Female,22,4,1,2,28.0
46,Female,22,5,4,2,23.0
46,Female,22,5,4,2,7.0
46,Female,22,5,4,2,25.0
46,Female,22,6,3,2,26.0
46,Female,22,7,3,3,13.0
46,Female,22,7,3,3,19.0
46,Female,22,8,4,3,18.0
46,Female,22,8,4,3,9.0
46,Female,22,8,4,3,24.0
46,Female,22,9,2,3,27.0
46,Female,22,9,2,3,17.0
46,Female,22,10,3,4,28.0
46,Female,22,10,3,4,27.0
46,Female,22,11,4,4,15.0
46,Female,22,12,2,4,13.0
46,Female,22,12,2,4,9.0
46,Female,22,13,3,5,19.0
46,Female,22,13,3,5,20.0
46,Female,22,14,3,5,11.0
46,Female,22,15,2,5,25.0
46,Female,22,15,2,5,23.0
48,Female,21,1,2,1,14.0
48,Female,21,2,2,1,29.0
48,Female,21,2,2,1,23.0
48,Female,21,3,3,1,24.0
48,Female,21,3,3,1,29.0
48,Female,21,4,1,2,16.0
48,Female,21,5,4,2,25.0
48,Female,21,6,3,2,24.0
48,Female,21,7,3,3,17.0
48,Female,21,8,4,3,22.0
48,Female,21,8,4,3,24.0
48,Female,21,9,2,3,25.0
48,Female,21,9,2,3,21.0
48,Female,21,10,3,4,30.0
48,Female,21,10,3,4,29.0
48,Female,21,11,4,4,17.0
48,Female,21,11,4,4,5.0
48,Female,21,12,2,4,20.0
48,Female,21,12,2,4,6.0
48,Female,21,13,3,5,12.0
48,Female,21,14,3,5,16.0
48,Female,21,15,2,5,29.0
48,Female,21,15,2,5,10.0
48,Female,21,15,2,5,9.0
49,Male,23,1,2,1,25.0
49,Male,23,2,2,1,20.0
49,Male,23,2,2,1,6.0
49,Male,23,3,3,1,7.0
49,Male,23,4,1,2,28.0
49,Male,23,5,4,2,15.0
49,Male,23,5,4,2,5.0
49,Male,23,5,4,2,24.0
49,Male,23,6,3,2,14.0
49,Male,23,7,3,3,6.0
49,Male,23,8,4,3,19.0
49,Male,23,9,2,3,26.0
49,Male,23,10,3,4,30.0
49,Male,23,10,3,4,7.0
49,Male,23,11,4,4,10.0
49,Male,23,12,2,4,19.0
49,Male,23,13,3,5,25.0
49,Male,23,13,3,5,19.0
49,Male,23,14,3,5,8.0
49,Male,23,14,3,5,24.0
49,Male,23,14,3,5,30.0
49,Male,23,15,2,5,5.0
49,Male,23,15,2,5,14.0
49,Male,23,15,2,5,8.0
52,Female,25,1,2,1,26.0
52,Female,25,1,2,1,12.0
52,Female,25,1,2,1,14.0
52,Female,25,2,2,1,28.0
52,Female,25,2,2,1,29.0
52,Female,25,2,2,1,6.0
52,Female,25,3,3,1,22.0
52,Female,25,3,3,1,26.0
52,Female,25,3,3,1,23.0
52,Female,25,4,1,2,8.0
52,Female,25,5,4,2,19.0
52,Female,25,5,4,2,12.0
52,Female,25,6,3,2,20.0
52,Female,25,6,3,2,7.0
52,Female,25,7,3,3,23.0
52,Female,25,8,4,3,20.0
52,Female,25,9,2,3,28.0
52,Female,25,9,2,3,27.0
52,Female,25,9,2,3,7.0
52,Female,25,10,3,4,19.0
52,Female,25,11,4,4,30.0
52,Female,25,11,4,4,24.0
52,Female,25,12,2,4,23.0
52,Female,25,12,2,4,29.0
52,Female,25,12,2,4,23.0
52,Female,25,13,3,5,11.0
52,Female,25,14,3,5,21.0
52,Female,25,14,3,5,7.0
52,Female,25,14,3,5,26.0
52,Female,25,15,2,5,16.0
52,Female,25,15,2,5,9.0
53,Female,24,1,2,1,24.0
53,Female,24,1,2,1,23.0
53,Female,24,2,2,1,6.0
53,Female,24,3,3,1,23.0
53,Female,24,4,1,2,11.0
53,Female,24,4,1,2,26.0
53,Female,24,5,4,2,5.0
53,Female,24,5,4,2,11.0
53,Female,24,6,3,2,13.0
53,Female,24,6,3,2,16.0
53,Female,24,7,3,3,18.0
53,Female,24,7,3,3,7.0
53,Female,24,8,4,3,18.0
53,Female,24,9,2,3,15.0
53,Female,24,9,2,3,16.0
53,Female,24,10,3,4,21.0
53,Female,24,10,3,4,17.0
53,Female,24,11,4,4,16.0
53,Female,24,11,4,4,18.0
53,Female,24,11,4,4,6.0
53,Female,24,12,2,4,5.0
53,Female,24,12,2,4,27.0
53,Female,24,13,3,5,16.0
53,Female,24,13,3,5,17.0
53,Female,24,14,3,5,11.0
53,Female,24,14,3,5,26.0
53,Female,24,15,2,5,21.0
53,Female,24,15,2,5,10.0
53,Female,24,15,2,5,6.0
54,Female,20,1,2,1,14.0
54,Female,20,1,2,1,11.0
54,Female,20,1,2,1,25.0
54,Female,20,2,2,1,27.0
54,Female,20,2,2,1,9.0
54,Female,20,3,3,1,9.0
54,Female,20,4,1,2,17.0
54,Female,20,5,4,2,27.0
54,Female,20,6,3,2,9.0
54,Female,20,6,3,2,7.0
54,Female,20,6,3,2,26.0
54,Female,20,7,3,3,7.0
54,Female,20,7,3,3,8.0
54,Female,20,8,4,3,20.0
54,Female,20,8,4,3,5.0
54,Female,20,8,4,3,22.0
54,Female,20,9,2,3,19.0
54,Female,20,9,2,3,16.0
54,Female,20,10,3,4,5.0
54,Female,20,10,3,4,7.0
54,Female,20,11,4,4,13.0
54,Female,20,12,2,4,21.0
54,Female,20,12,2,4,30.0
54,Female,20,13,3,5,20.0
54,Female,20,13,3,5,24.0
54,Female,20,14,3,5,9.0
54,Female,20,15,2,5,22.0
55,Male,25,1,2,1,5.0
55,Male,25,1,2,1,10.0
55,Male,25,2,2,1,8.0
55,Male,25,2,2,1,21.0
55,Male,25,2,2,1,5.0
55,Male,25,3,3,1,11.0
55,Male,25,3,3,1,14.0
55,Male,25,4,1,2,25.0
55,Male,25,5,4,2,12.0
55,Male,25,5,4,2,23.0
55,Male,25,6,3,2,5.0
55,Male,25,6,3,2,5.0
55,Male,25,7,3,3,14.0
55,Male,25,8,4,3,30.0
55,Male,25,8,4,3,22.0
55,Male,25,9,2,3,15.0
55,Male,25,10,3,4,24.0
55,Male,25,10,3,4,30.0
55,Male,25,11,4,4,26.0
55,Male,25,11,4,4,19.0
55,Male,25,12,2,4,28.0
55,Male,25,13,3,5,15.0
55,Male,25,14,3,5,13.0
55,Male,25,15,2,5,30.0
55,Male,25,15,2,5,6.0
55,Male,25,15,2,5,22.0
56,Male,25,1,2,1,14.0
56,Male,25,2,2,1,25.0
56,Male,25,3,3,1,6.0
56,Male,25,3,3,1,10.0
56,Male,25,4,1,2,13.0
56,Male,25,5,4,2,23.0
56,Male,25,5,4,2,5.0
56,Male,25,6,3,2,22.0
56,Male,25,6,3,2,10.0
56,Male,25,6,3,2,16.0
56,Male,25,7,3,3,24.0
56,Male,25,7,3,3,23.0
56,Male,25,8,4,3,22.0
56,Male,25,8,4,3,26.0
56,Male,25,8,4,3,29.0
56,Male,25,9,2,3,28.0
56,Male,25,9,2,3,18.0
56,Male,25,10,3,4,18.0
56,Male,25,11,4,4,9.0
56,Male,25,12,2,4,16.0
56,Male,25,12,2,4,8.0
56,Male,25,13,3,5,29.0
56,Male,25,13,3,5,19.0
56,Male,25,13,3,5,24.0
56,Male,25,14,3,5,9.0
56,Male,25,14,3,5,21.0
56,Male,25,15,2,5,28.0
57,Male,19,1,2,1,17.0
57,Male,19,1,2,1,6.0
57,Male,19,1,2,1,19.0
57,Male,19,2,2,1,17.0
57,Male,19,2,2,1,28.0
57,Male,19,3,3,1,25.0
57,Male,19,4,1,2,22.0
57,Male,19,5,4,2,29.0
57,Male,19,5,4,2,12.0
57,Male,19,6,3,2,19.0
57,Male,19,6,3,2,12.0
57,Male,19,6,3,2,18.0
57,Male,19,7,3,3,24.0
57,Male,19,8,4,3,11.0
57,Male,19,9,2,3,11.0
57,Male,19,9,2,3,10.0
57,Male,19,10,3,4,15.0
57,Male,19,11,4,4,15.0
57,Male,19,12,2,4,23.0
57,Male,19,12,2,4,24.0
57,Male,19,13,3,5,18.0
57,Male,19,13,3,5,16.0
57,Male,19,14,3,5,13.0
57,Male,19,15,2,5,5.0
57,Male,19,15,2,5,29.0
58,Female,22,1,2,1,24.0
58,Female,22,1,2,1,24.0
58,Female,22,1,2,1,22.0
58,Female,22,2,2,1,14.0
58,Female,22,2,2,1,22.0
58,Female,22,3,3,1,15.0
58,Female,22,4,1,2,12.0
58,Female,22,5,4,2,17.0
58,Female,22,6,3,2,16.0
58,Female,22,6,3,2,28.0
58,Female,22,6,3,2,12.0
58,Female,22,7,3,3,25.0
58,Female,22,7,3,3,28.0
58,Female,22,8,4,3,10.0
58,Female,22,8,4,3,18.0
58,Female,22,9,2,3,8.0
58,Female,22,9,2,3,27.0
58,Female,22,10,3,4,30.0
58,Female,22,10,3,4,21.0
58,Female,22,11,4,4,5.0
58,Female,22,12,2,4,8.0
58,Female,22,12,2,4,25.0
58,Female,22,12,2,4,21.0
58,Female,22,13,3,5,11.0
58,Female,22,14,3,5,11.0
58,Female,22,14,3,5,29.0
58,Female,22,15,2,5,15.0
59,Female,18,1,2,1,27.0
59,Female,18,2,2,1,18.0
59,Female,18,3,3,1,9.0
59,Female,18,3,3,1,5.0
59,Female,18,4,1,2,22.0
59,Female,18,5,4,2,20.0
59,Female,18,5,4,2,27.0
59,Female,18,5,4,2,8.0
59,Female,18,6,3,2,13.0
59,Female,18,6,3,2,8.0
59,Female,18,7,3,3,22.0
59,Female,18,7,3,3,26.0
59,Female,18,7,3,3,23.0
59,Female,18,8,4,3,11.0
59,Female,18,8,4,3,26.0
59,Female,18,8,4,3,9.0
59,Female,18,9,2,3,13.0
59,Female,18,9,2,3,6.0
59,Female,18,9,2,3,7.0
59,Female,18,10,3,4,13.0
59,Female,18,10,3,4,30.0
59,Female,18,11,4,4,20.0
59,Female,18,12,2,4,19.0
59,Female,18,13,3,5,22.0
59,Female,18,13,3,5,18.0
59,Female,18,14,3,5,19.0
59,Female,18,14,3,5,23.0
59,Female,18,14,3,5,20.0
59,Female,18,15,2,5,27.0
60,Male,22,1,2,1,12.0
60,Male,22,2,2,1,13.0
60,Male,22,3,3,1,12.0
60,Male,22,3,3,1,14.0
60,Male,22,4,1,2,12.0
60,Male,22,4,1,2,7.0
60,Male,22,5,4,2,25.0
60,Male,22,6,3,2,30.0
60,Male,22,6,3,2,14.0
60,Male,22,6,3,2,27.0
60,Male,22,7,3,3,26.0
60,Male,22,7,3,3,28.0
60,Male,22,7,3,3,17.0
60,Male,22,8,4,3,21.0
60,Male,22,8,4,3,21.0
60,Male,22,8,4,3,8.0
60,Male,22,9,2,3,10.0
60,Male,22,10,3,4,24.0
60,Male,22,10,3,4,19.0
60,Male,22,10,3,4,23.0
60,Male,22,11,4,4,17.0
60,Male,22,11,4,4,11.0
60,Male,22,11,4,4,30.0
60,Male,22,12,2,4,28.0
60,Male,22,12,2,4,26.0
60,Male,22,12,2,4,25.0
60,Male,22,13,3,5,19.0
60,Male,22,13,3,5,10.0
60,Male,22,13,3,5,10.0
60,Male,22,14,3,5,25.0
60,Male,22,15,2,5,15.0
61,Male,19,1,2,1,7.0
61,Male,19,1,2,1,7.0
61,Male,19,2,2,1,8.0
61,Male,19,2,2,1,10.0
61,Male,19,3,3,1,27.0
61,Male,19,3,3,1,7.0
61,Male,19,3,3,1,9.0
61,Male,19,4,1,2,22.0
61,Male,19,4,1,2,16.0
61,Male,19,4,1,2,12.0
61,Male,19,5,4,2,14.0
61,Male,19,6,3,2,30.0
61,Male,19,7,3,3,23.0
61,Male,19,7,3,3,21.0
61,Male,19,7,3,3,16.0
61,Male,19,8,4,3,17.0
61,Male,19,9,2,3,21.0
61,Male,19,9,2,3,29.0
61,Male,19,10,3,4,13.0
61,Male,19,10,3,4,9.0
61,Male,19,11,4,4,13.0
61,Male,19,11,4,4,26.0
61,Male,19,11,4,4,19.0
61,Male,19,12,2,4,16.0
61,Male,19,12,2,4,14.0
61,Male,19,13,3,5,25.0
61,Male,19,13,3,5,21.0
61,Male,19,14,3,5,25.0
61,Male,19,14,3,5,26.0
61,Male,19,15,2,5,14.0
63,Female,21,1,2,1,10.0
63,Female,21,1,2,1,8.0
63,Female,21,2,2,1,8.0
63,Female,21,2,2,1,12.0
63,Female,21,2,2,1,26.0
63,Female,21,3,3,1,21.0
63,Female,21,4,1,2,19.0
63,Female,21,4,1,2,27.0
63,Female,21,5,4,2,14.0
63,Female,21,5,4,2,26.0
63,Female,21,5,4,2,25.0
63,Female,21,6,3,2,5.0
63,Female,21,6,3,2,16.0
63,Female,21,7,3,3,17.0
63,Female,21,8,4,3,5.0
63,Female,21,8,4,3,26.0
63,Female,21,8,4,3,26.0
63,Female,21,9,2,3,17.0
63,Female,21,9,2,3,5.0
63,Female,21,9,2,3,20.0
63,Female,21,10,3,4,26.0
63,Female,21,11,4,4,11.0
63,Female,21,11,4,4,23.0
63,Female,21,12,2,4,19.0
63,Female,21,13,3,5,13.0
63,Female,21,14,3,5,14.0
63,Female,21,15,2,5,24.0
64,Male,21,1,2,1,7.0
64,Male,21,1,2,1,14.0
64,Male,21,2,2,1,18.0
64,Male,21,2,2,1,19.0
64,Male,21,3,3,1,20.0
64,Male,21,3,3,1,14.0
64,Male,21,4,1,2,12.0
64,Male,21,4,1,2,5.0
64,Male,21,5,4,2,25.0
64,Male,21,5,4,2,18.0
64,Male,21,5,4,2,26.0
64,Male,21,6,3,2,9.0
64,Male,21,6,3,2,13.0
64,Male,21,6,3,2,11.0
64,Male,21,7,3,3,8.0
64,Male,21,8,4,3,24.0
64,Male,21,8,4,3,12.0
64,Male,21,8,4,3,24.0
64,Male,21,9,2,3,12.0
64,Male,21,9,2,3,23.0
64,Male,21,9,2,3,28.0
64,Male,21,10,3,4,10.0
64,Male,21,10,3,4,25.0
64,Male,21,11,4,4,20.0
64,Male,21,12,2,4,28.0
64,Male,21,13,3,5,5.0
64,Male,21,13,3,5,11.0
64,Male,21,14,3,5,24.0
64,Male,21,14,3,5,25.0
64,Male,21,15,2,5,28.0
65,Female,18,1,2,1,12.0
65,Female,18,2,2,1,9.0
65,Female,18,2,2,1,29.0
65,Female,18,3,3,1,26.0
65,Female,18,3,3,1,19.0
65,Female,18,4,1,2,10.0
65,Female,18,4,1,2,21.0
65,Female,18,5,4,2,6.0
65,Female,18,6,3,2,13.0
65,Female,18,6,3,2,30.0
65,Female,18,6,3,2,7.0
65,Female,18,7,3,3,11.0
65,Female,18,7,3,3,18.0
65,Female,18,7,3,3,20.0
65,Female,18,8,4,3,27.0
65,Female,18,9,2,3,19.0
65,Female,18,9,2,3,19.0
65,Female,18,9,2,3,9.0
65,Female,18,10,3,4,18.0
65,Female,18,11,4,4,23.0
65,Female,18,12,2,4,6.0
65,Female,18,12,2,4,9.0
65,Female,18,13,3,5,30.0
65,Female,18,13,3,5,27.0
65,Female,18,13,3,5,7.0
65,Female,18,14,3,5,29.0
65,Female,18,14,3,5,9.0
65,Female,18,15,2,5,15.0
66,Male,20,1,2,1,28.0
66,Male,20,2,2,1,20.0
66,Male,20,3,3,1,29.0
66,Male,20,3,3,1,6.0
66,Male,20,3,3,1,6.0
66,Male,20,4,1,2,26.0
66,Male,20,5,4,2,18.0
66,Male,20,5,4,2,21.0
66,Male,20,6,3,2,24.0
66,Male,20,6,3,2,30.0
66,Male,20,7,3,3,9.0
66,Male,20,7,3,3,29.0
66,Male,20,8,4,3,14.0
66,Male,20,8,4,3,28.0
66,Male,20,9,2,3,25.0
66,Male,20,9,2,3,7.0
66,Male,20,10,3,4,18.0
66,Male,20,10,3,4,24.0
66,Male,20,11,4,4,29.0
66,Male,20,11,4,4,19.0
66,Male,20,12,2,4,28.0
66,Male,20,12,2,4,24.0
66,Male,20,13,3,5,13.0
66,Male,20,14,3,5,15.0
66,Male,20,15,2,5,19.0
67,Female,25,1,2,1,25.0
67,Female,25,1,2,1,16.0
67,Female,25,1,2,1,28.0
67,Female,25,2,2,1,23.0
67,Female,25,3,3,1,7.0
67,Female,25,3,3,1,27.0
67,Female,25,3,3,1,23.0
67,Female,25,4,1,2,21.0
67,Female,25,5,4,2,11.0
67,Female,25,5,4,2,7.0
67,Female,25,6,3,2,21.0
67,Female,25,6,3,2,17.0
67,Female,25,7,3,3,11.0
67,Female,25,7,3,3,8.0
67,Female,25,8,4,3,9.0
67,Female,25,8,4,3,21.0
67,Female,25,9,2,3,18.0
67,Female,25,10,3,4,13.0
67,Female,25,10,3,4,6.0
67,Female,25,11,4,4,11.0
67,Female,25,12,2,4,21.0
67,Female,25,13,3,5,16.0
67,Female,25,14,3,5,12.0
67,Female,25,14,3,5,5.0
67,Female,25,15,2,5,18.0
68,Male,23,1,2,1,18.0
68,Male,23,1,2,1,23.0
68,Male,23,2,2,1,22.0
68,Male,23,2,2,1,20.0
68,Male,23,3,3,1,7.0
68,Male,23,3,3,1,29.0
68,Male,23,3,3,1,15.0
68,Male,23,4,1,2,14.0
68,Male,23,4,1,2,19.0
68,Male,23,5,4,2,27.0
68,Male,23,5,4,2,19.0
68,Male,23,6,3,2,25.0
68,Male,23,6,3,2,23.0
68,Male,23,6,3,2,26.0
68,Male,23,7,3,3,16.0
68,Male,23,8,4,3,27.0
68,Male,23,9,2,3,25.0
68,Male,23,9,2,3,14.0
68,Male,23,10,3,4,13.0
68,Male,23,10,3,4,30.0
68,Male,23,11,4,4,30.0
68,Male,23,12,2,4,5.0
68,Male,23,12,2,4,20.0
68,Male,23,12,2,4,14.0
68,Male,23,13,3,5,26.0
68,Male,23,13,3,5,13.0
68,Male,23,14,3,5,9.0
68,Male,23,14,3,5,8.0
68,Male,23,15,2,5,12.0
68,Male,23,15,2,5,5.0
69,Female,18,1,2,1,7.0
69,Female,18,1,2,1,5.0
69,Female,18,2,2,1,20.0
69,Female,18,2,2,1,6.0
69,Female,18,2,2,1,18.0
69,Female,18,3,3,1,26.0
69,Female,18,4,1,2,12.0
69,Female,18,4,1,2,16.0
69,Female,18,4,1,2,16.0
69,Female,18,5,4,2,7.0
69,Female,18,5,4,2,5.0
69,Female,18,5,4,2,20.0
69,Female,18,6,3,2,18.0
69,Female,18,6,3,2,15.0
69,Female,18,7,3,3,30.0
69,Female,18,7,3,3,26.0
69,Female,18,7,3,3,22.0
69,Female,18,8,4,3,28.0
69,Female,18,8,4,3,24.0
69,Female,18,9,2,3,8.0
69,Female,18,10,3,4,15.0
69,Female,18,10,3,4,11.0
69,Female,18,11,4,4,18.0
69,Female,18,11,4,4,16.0
69,Female,18,12,2,4,6.0
69,Female,18,12,2,4,20.0
69,Female,18,12,2,4,14.0
69,Female,18,13,3,5,21.0
69,Female,18,14,3,5,20.0
69,Female,18,14,3,5,22.0
69,Female,18,14,3,5,18.0
69,Female,18,15,2,5,18.0
71,Female,20,1,2,1,12.0
71,Female,20,2,2,1,16.0
71,Female,20,3,3,1,13.0
71,Female,20,3,3,1,15.0
71,Female,20,4,1,2,12.0
71,Female,20,5,4,2,12.0
71,Female,20,6,3,2,22.0
71,Female,20,6,3,2,25.0
71,Female,20,7,3,3,21.0
71,Female,20,7,3,3,10.0
71,Female,20,8,4,3,22.0
71,Female,20,9,2,3,6.0
71,Female,20,10,3,4,11.0
71,Female,20,11,4,4,23.0
71,Female,20,11,4,4,7.0
71,Female,20,12,2,4,15.0
71,Female,20,13,3,5,22.0
71,Female,20,13,3,5,15.0
71,Female,20,13,3,5,9.0
71,Female,20,14,3,5,28.0
71,Female,20,14,3,5,30.0
71,Female,20,14,3,5,28.0
71,Female,20,15,2,5,10.0
71,Female,20,15,2,5,9.0
72,Male,19,1,2,1,30.0
72,Male,19,1,2,1,17.0
72,Male,19,2,2,1,22.0
72,Male,19,2,2,1,25.0
72,Male,19,2,2,1,26.0
72,Male,19,3,3,1,29.0
72,Male,19,3,3,1,22.0
72,Male,19,4,1,2,19.0
72,Male,19,4,1,2,22.0
72,Male,19,4,1,2,8.0
72,Male,19,5,4,2,28.0
72,Male,19,5,4,2,28.0
72,Male,19,5,4,2,17.0
72,Male,19,6,3,2,11.0
72,Male,19,7,3,3,21.0
72,Male,19,7,3,3,22.0
72,Male,19,8,4,3,10.0
72,Male,19,8,4,3,19.0
72,Male,19,9,2,3,24.0
72,Male,19,9,2,3,7.0
72,Male,19,10,3,4,28.0
72,Male,19,10,3,4,27.0
72,Male,19,10,3,4,17.0
72,Male,19,11,4,4,9.0
72,Male,19,11,4,4,18.0
72,Male,19,11,4,4,13.0
72,Male,19,12,2,4,29.0
72,Male,19,12,2,4,11.0
72,Male,19,12,2,4,8.0
72,Male,19,13,3,5,24.0
72,Male,19,13,3,5,15.0
72,Male,19,14,3,5,15.0
72,Male,19,15,2,5,16.0
72,Male,19,15,2,5,26.0
73,Female,22,1,2,1,17.0
73,Female,22,1,2,1,15.0
73,Female,22,1,2,1,13.0
73,Female,22,2,2,1,24.0
73,Female,22,3,3,1,15.0
73,Female,22,3,3,1,23.0
73,Female,22,3,3,1,19.0
73,Female,22,4,1,2,28.0
73,Female,22,5,4,2,26.0
73,Female,22,6,3,2,20.0
73,Female,22,6,3,2,19.0
73,Female,22,6,3,2,13.0
73,Female,22,7,3,3,7.0
73,Female,22,8,4,3,29.0
73,Female,22,9,2,3,12.0
73,Female,22,9,2,3,12.0
73,Female,22,10,3,4,15.0
73,Female,22,10,3,4,30.0
73,Female,22,10,3,4,16.0
73,Female,22,11,4,4,20.0
73,Female,22,11,4,4,9.0
73,Female,22,11,4,4,24.0
73,Female,22,12,2,4,18.0
73,Female,22,13,3,5,30.0
73,Female,22,14,3,5,27.0
73,Female,22,14,3,5,6.0
73,Female,22,14,3,5,10.0
73,Female,22,15,2,5,5.0
73,Female,22,15,2,5,10.0
73,Female,22,15,2,5,7.0
74,Female,19,1,2,1,29.0
74,Female,19,1,2,1,20.0
74,Female,19,1,2,1,10.0
74,Female,19,2,2,1,8.0
74,Female,19,3,3,1,22.0
74,Female,19,3,3,1,13.0
74,Female,19,4,1,2,28.0
74,Female,19,4,1,2,12.0
74,Female,19,4,1,2,11.0
74,Female,19,5,4,2,5.0
74,Female,19,6,3,2,17.0
74,Female,19,7,3,3,15.0
74,Female,19,8,4,3,17.0
74,Female,19,8,4,3,5.0
74,Female,19,9,2,3,20.0
74,Female,19,10,3,4,14.0
74,Female,19,11,4,4,13.0
74,Female,19,11,4,4,18.0
74,Female,19,11,4,4,8.0
74,Female,19,12,2,4,21.0
74,Female,19,12,2,4,6.0
74,Female,19,12,2,4,5.0
74,Female,19,13,3,5,5.0
74,Female,19,13,3,5,11.0
74,Female,19,13,3,5,16.0
74,Female,19,14,3,5,11.0
74,Female,19,15,2,5,17.0
74,Female,19,15,2,5,25.0
75,Male,18,1,2,1,12.0
75,Male,18,1,2,1,10.0
75,Male,18,2,2,1,23.0
75,Male,18,2,2,1,24.0
75,Male,18,2,2,1,7.0
75,Male,18,3,3,1,26.0
75,Male,18,4,1,2,16.0
75,Male,18,5,4,2,11.0
75,Male,18,5,4,2,9.0
75,Male,18,6,3,2,18.0
75,Male,18,6,3,2,17.0
75,Male,18,6,3,2,18.0
75,Male,18,7,3,3,5.0
75,Male,18,8,4,3,10.0
75,Male,18,8,4,3,12.0
75,Male,18,9,2,3,20.0
75,Male,18,9,2,3,20.0
75,Male,18,9,2,3,16.0
75,Male,18,10,3,4,20.0
75,Male,18,11,4,4,10.0
75,Male,18,11,4,4,12.0
75,Male,18,12,2,4,28.0
75,Male,18,13,3,5,20.0
75,Male,18,13,3,5,15.0
75,Male,18,13,3,5,22.0
75,Male,18,14,3,5,14.0
75,Male,18,14,3,5,12.0
75,Male,18,15,2,5,21.0
75,Male,18,15,2,5,25.0
75,Male,18,15,2,5,7.0
76,Male,24,1,2,1,8.0
76,Male,24,1,2,1,13.0
76,Male,24,1,2,1,12.0
76,Male,24,2,2,1,10.0
76,Male,24,2,2,1,16.0
76,Male,24,3,3,1,15.0
76,Male,24,4,1,2,17.0
76,Male,24,4,1,2,12.0
76,Male,24,5,4,2,29.0
76,Male,24,5,4,2,21.0
76,Male,24,6,3,2,19.0
76,Male,24,6,3,2,19.0
76,Male,24,7,3,3,10.0
76,Male,24,7,3,3,8.0
76,Male,24,8,4,3,19.0
76,Male,24,8,4,3,17.0
76,Male,24,9,2,3,6.0
76,Male,24,9,2,3,30.0
76,Male,24,10,3,4,17.0
76,Male,24,11,4,4,5.0
76,Male,24,11,4,4,25.0
76,Male,24,12,2,4,5.0
76,Male,24,12,2,4,24.0
76,Male,24,13,3,5,16.0
76,Male,24,13,3,5,12.0
76,Male,24,13,3,5,23.0
76,Male,24,14,3,5,19.0
76,Male,24,14,3,5,9.0
76,Male,24,14,3,5,23.0
76,Male,24,15,2,5,22.0
76,Male,24,15,2,5,5.0
77,Male,23,1,2,1,16.0
77,Male,23,1,2,1,27.0
77,Male,23,2,2,1,8.0
77,Male,23,2,2,1,23.0
77,Male,23,3,3,1,10.0
77,Male,23,4,1,2,28.0
77,Male,23,4,1,2,19.0
77,Male,23,4,1,2,15.0
77,Male,23,5,4,2,20.0
77,Male,23,5,4,2,26.0
77,Male,23,6,3,2,24.0
77,Male,23,6,3,2,27.0
77,Male,23,7,3,3,17.0
77,Male,23,7,3,3,27.0
77,Male,23,8,4,3,12.0
77,Male,23,8,4,3,21.0
77,Male,23,9,2,3,11.0
77,Male,23,9,2,3,13.0
77,Male,23,9,2,3,17.0
77,Male,23,10,3,4,5.0
77,Male,23,11,4,4,13.0
77,Male,23,11,4,4,22.0
77,Male,23,12,2,4,12.0
77,Male,23,12,2,4,13.0
77,Male,23,13,3,5,12.0
77,Male,23,14,3,5,23.0
77,Male,23,15,2,5,20.0
77,Male,23,15,2,5,30.0
78,Male,24,1,2,1,6.0
78,Male,24,1,2,1,11.0
78,Male,24,2,2,1,20.0
78,Male,24,2,2,1,14.0
78,Male,24,3,3,1,9.0
78,Male,24,4,1,2,20.0
78,Male,24,4,1,2,12.0
78,Male,24,5,4,2,6.0
78,Male,24,6,3,2,27.0
78,Male,24,7,3,3,17.0
78,Male,24,7,3,3,14.0
78,Male,24,7,3,3,19.0
78,Male,24,8,4,3,26.0
78,Male,24,9,2,3,15.0
78,Male,24,9,2,3,18.0
78,Male,24,9,2,3,7.0
78,Male,24,10,3,4,19.0
78,Male,24,11,4,4,5.0
78,Male,24,11,4,4,28.0
78,Male,24,11,4,4,12.0
78,Male,24,12,2,4,8.0
78,Male,24,13,3,5,16.0
78,Male,24,13,3,5,23.0
78,Male,24,14,3,5,19.0
78,Male,24,15,2,5,5.0
79,Female,20,1,2,1,15.0
79,Female,20,2,2,1,5.0
79,Female,20,2,2,1,15.0
79,Female,20,3,3,1,27.0
79,Female,20,4,1,2,23.0
79,Female,20,4,1,2,19.0
79,Female,20,4,1,2,18.0
79,Female,20,5,4,2,8.0
79,Female,20,5,4,2,9.0
79,Female,20,5,4,2,7.0
79,Female,20,6,3,2,19.0
79,Female,20,7,3,3,27.0
79,Female,20,7,3,3,28.0
79,Female,20,8,4,3,19.0
79,Female,20,8,4,3,6.0
79,Female,20,9,2,3,17.0
79,Female,20,9,2,3,18.0
79,Female,20,9,2,3,25.0
79,Female,20,10,3,4,29.0
79,Female,20,10,3,4,7.0
79,Female,20,11,4,4,10.0
79,Female,20,11,4,4,28.0
79,Female,20,12,2,4,14.0
79,Female,20,13,3,5,16.0
79,Female,20,13,3,5,29.0
79,Female,20,14,3,5,16.0
79,Female,20,14,3,5,25.0
79,Female,20,15,2,5,10.0
79,Female,20,15,2,5,5.0
79,Female,20,15,2,5,30.0
81,Female,19,1,2,1,23.0
81,Female,19,1,2,1,16.0
81,Female,19,1,2,1,19.0
81,Female,19,2,2,1,14.0
81,Female,19,3,3,1,23.0
81,Female,19,4,1,2,7.0
81,Female,19,4,1,2,27.0
81,Female,19,5,4,2,13.0
81,Female,19,5,4,2,17.0
81,Female,19,6,3,2,8.0
81,Female,19,7,3,3,24.0
81,Female,19,7,3,3,18.0
81,Female,19,8,4,3,24.0
81,Female,19,8,4,3,5.0
81,Female,19,9,2,3,21.0
81,Female,19,9,2,3,17.0
81,Female,19,10,3,4,17.0
81,Female,19,11,4,4,11.0
81,Female,19,11,4,4,11.0
81,Female,19,11,4,4,22.0
81,Female,19,12,2,4,22.0
81,Female,19,12,2,4,16.0
81,Female,19,13,3,5,20.0
81,Female,19,13,3,5,10.0
81,Female,19,13,3,5,20.0
81,Female,19,14,3,5,22.0
81,Female,19,15,2,5,14.0
81,Female,19,15,2,5,13.0
84,Male,18,1,2,1,8.0
84,Male,18,1,2,1,13.0
84,Male,18,2,2,1,9.0
84,Male,18,3,3,1,19.0
84,Male,18,3,3,1,20.0
84,Male,18,3,3,1,10.0
84,Male,18,4,1,2,9.0
84,Male,18,4,1,2,23.0
84,Male,18,4,1,2,26.0
84,Male,18,5,4,2,25.0
84,Male,18,6,3,2,20.0
84,Male,18,6,3,2,19.0
84,Male,18,7,3,3,12.0
84,Male,18,8,4,3,24.0
84,Male,18,8,4,3,20.0
84,Male,18,8,4,3,19.0
84,Male,18,9,2,3,20.0
84,Male,18,9,2,3,27.0
84,Male,18,10,3,4,23.0
84,Male,18,10,3,4,9.0
84,Male,18,10,3,4,19.0
84,Male,18,11,4,4,30.0
84,Male,18,11,4,4,12.0
84,Male,18,12,2,4,17.0
84,Male,18,12,2,4,18.0
84,Male,18,13,3,5,18.0
84,Male,18,13,3,5,10.0
84,Male,18,13,3,5,29.0
84,Male,18,14,3,5,5.0
84,Male,18,14,3,5,22.0
84,Male,18,15,2,5,28.0
85,Female,18,1,2,1,17.0
85,Female,18,2,2,1,6.0
85,Female,18,3,3,1,13.0
85,Female,18,4,1,2,8.0
85,Female,18,4,1,2,27.0
85,Female,18,4,1,2,14.0
85,Female,18,5,4,2,7.0
85,Female,18,6,3,2,28.0
85,Female,18,6,3,2,24.0
85,Female,18,6,3,2,5.0
85,Female,18,7,3,3,21.0
85,Female,18,7,3,3,29.0
85,Female,18,8,4,3,23.0
85,Female,18,8,4,3,9.0
85,Female,18,9,2,3,26.0
85,Female,18,9,2,3,17.0
85,Female,18,10,3,4,9.0
85,Female,18,10,3,4,23.0
85,Female,18,11,4,4,7.0
85,Female,18,11,4,4,16.0
85,Female,18,12,2,4,17.0
85,Female,18,12,2,4,12.0
85,Female,18,13,3,5,15.0
85,Female,18,13,3,5,17.0
85,Female,18,14,3,5,25.0
85,Female,18,15,2,5,15.0
86,Male,20,1,2,1,6.0
86,Male,20,1,2,1,23.0
86,Male,20,1,2,1,15.0
86,Male,20,2,2,1,11.0
86,Male,20,2,2,1,29.0
86,Male,20,2,2,1,26.0
86,Male,20,3,3,1,14.0
86,Male,20,3,3,1,23.0
86,Male,20,4,1,2,17.0
86,Male,20,5,4,2,21.0
86,Male,20,5,4,2,28.0
86,Male,20,6,3,2,9.0
86,Male,20,7,3,3,16.0
86,Male,20,7,3,3,20.0
86,Male,20,8,4,3,12.0
86,Male,20,9,2,3,12.0
86,Male,20,10,3,4,14.0
86,Male,20,10,3,4,28.0
86,Male,20,11,4,4,26.0
86,Male,20,11,4,4,16.0
86,Male,20,12,2,4,18.0
86,Male,20,13,3,5,5.0
86,Male,20,13,3,5,8.0
86,Male,20,14,3,5,15.0
86,Male,20,14,3,5,14.0
86,Male,20,15,2,5,12.0
86,Male,20,15,2,5,5.0
87,Male,19,1,2,1,25.0
87,Male,19,1,2,1,20.0
87,Male,19,1,2,1,25.0
87,Male,19,2,2,1,12.0
87,Male,19,2,2,1,13.0
87,Male,19,3,3,1,14.0
87,Male,19,4,1,2,15.0
87,Male,19,4,1,2,17.0
87,Male,19,5,4,2,8.0
87,Male,19,6,3,2,17.0
87,Male,19,6,3,2,27.0
87,Male,19,7,3,3,30.0
87,Male,19,7,3,3,9.0
87,Male,19,8,4,3,17.0
87,Male,19,8,4,3,28.0
87,Male,19,9,2,3,5.0
87,Male,19,9,2,3,7.0
87,Male,19,9,2,3,12.0
87,Male,19,10,3,4,18.0
87,Male,19,10,3,4,29.0
87,Male,19,11,4,4,23.0
87,Male,19,12,2,4,24.0
87,Male,19,12,2,4,24.0
87,Male,19,12,2,4,10.0
87,Male,19,13,3,5,7.0
87,Male,19,14,3,5,15.0
87,Male,19,14,3,5,24.0
87,Male,19,14,3,5,28.0
87,Male,19,15,2,5,26.0
88,Male,19,1,2,1,21.0
88,Male,19,2,2,1,20.0
88,Male,19,3,3,1,28.0
88,Male,19,4,1,2,30.0
88,Male,19,4,1,2,11.0
88,Male,19,5,4,2,17.0
88,Male,19,6,3,2,25.0
88,Male,19,6,3,2,26.0
88,Male,19,6,3,2,17.0
88,Male,19,7,3,3,29.0
88,Male,19,8,4,3,28.0
88,Male,19,8,4,3,14.0
88,Male,19,8,4,3,13.0
88,Male,19,9,2,3,21.0
88,Male,19,10,3,4,5.0
88,Male,19,11,4,4,15.0
88,Male,19,11,4,4,6.0
88,Male,19,12,2,4,8.0
88,Male,19,12,2,4,17.0
88,Male,19,12,2,4,11.0
88,Male,19,13,3,5,28.0
88,Male,19,13,3,5,22.0
88,Male,19,13,3,5,16.0
88,Male,19,14,3,5,19.0
88,Male,19,14,3,5,5.0
88,Male,19,15,2,5,12.0
88,Male,19,15,2,5,6.0
89,Male,22,1,2,1,15.0
89,Male,22,1,2,1,5.0
89,Male,22,1,2,1,24.0
89,Male,22,2,2,1,14.0
89,Male,22,2,2,1,5.0
89,Male,22,2,2,1,18.0
89,Male,22,3,3,1,22.0
89,Male,22,3,3,1,19.0
89,Male,22,3,3,1,5.0
89,Male,22,4,1,2,18.0
89,Male,22,4,1,2,18.0
89,Male,22,5,4,2,5.0
89,Male,22,5,4,2,27.0
89,Male,22,6,3,2,27.0
89,Male,22,6,3,2,6.0
89,Male,22,6,3,2,28.0
89,Male,22,7,3,3,10.0
89,Male,22,7,3,3,17.0
89,Male,22,7,3,3,6.0
89,Male,22,8,4,3,23.0
89,Male,22,9,2,3,7.0
89,Male,22,9,2,3,26.0
89,Male,22,9,2,3,10.0
89,Male,22,10,3,4,14.0
89,Male,22,11,4,4,25.0
89,Male,22,11,4,4,11.0
89,Male,22,12,2,4,15.0
89,Male,22,13,3,5,24.0
89,Male,22,14,3,5,25.0
89,Male,22,14,3,5,27.0
89,Male,22,14,3,5,5.0
89,Male,22,15,2,5,22.0
89,Male,22,15,2,5,16.0
89,Male,22,15,2,5,13.0
93,Female,21,1,2,1,17.0
93,Female,21,1,2,1,28.0
93,Female,21,1,2,1,11.0
93,Female,21,2,2,1,8.0
93,Female,21,3,3,1,30.0
93,Female,21,3,3,1,25.0
93,Female,21,3,3,1,9.0
93,Female,21,4,1,2,18.0
93,Female,21,4,1,2,8.0
93,Female,21,4,1,2,19.0
93,Female,21,5,4,2,29.0
93,Female,21,5,4,2,11.0
93,Female,21,6,3,2,7.0
93,Female,21,7,3,3,17.0
93,Female,21,8,4,3,16.0
93,Female,21,9,2,3,20.0
93,Female,21,9,2,3,19.0
93,Female,21,10,3,4,20.0
93,Female,21,10,3,4,5.0
93,Female,21,11,4,4,27.0
93,Female,21,11,4,4,22.0
93,Female,21,12,2,4,26.0
93,Female,21,12,2,4,8.0
93,Female,21,12,2,4,14.0
93,Female,21,13,3,5,20.0
93,Female,21,14,3,5,7.0
93,Female,21,15,2,5,24.0
94,Female,23,1,2,1,16.0
94,Female,23,2,2,1,26.0
94,Female,23,3,3,1,18.0
94,Female,23,4,1,2,21.0
94,Female,23,4,1,2,9.0
94,Female,23,4,1,2,16.0
94,Female,23,5,4,2,13.0
94,Female,23,5,4,2,17.0
94,Female,23,5,4,2,19.0
94,Female,23,6,3,2,11.0
94,Female,23,7,3,3,28.0
94,Female,23,7,3,3,11.0
94,Female,23,8,4,3,10.0
94,Female,23,8,4,3,21.0
94,Female,23,9,2,3,28.0
94,Female,23,9,2,3,23.0
94,Female,23,9,2,3,30.0
94,Female,23,10,3,4,23.0
94,Female,23,11,4,4,21.0
94,Female,23,11,4,4,17.0
94,Female,23,12,2,4,8.0
94,Female,23,12,2,4,9.0
94,Female,23,13,3,5,8.0
94,Female,23,14,3,5,15.0
94,Female,23,14,3,5,29.0
94,Female,23,14,3,5,20.0
94,Female,23,15,2,5,26.0
94,Female,23,15,2,5,6.0
95,Female,23,1,2,1,8.0
95,Female,23,1,2,1,20.0
95,Female,23,2,2,1,16.0
95,Female,23,3,3,1,24.0
95,Female,23,3,3,1,15.0
95,Female,23,4,1,2,5.0
95,Female,23,4,1,2,25.0
95,Female,23,4,1,2,25.0
95,Female,23,5,4,2,21.0
95,Female,23,5,4,2,17.0
95,Female,23,6,3,2,18.0
95,Female,23,6,3,2,24.0
95,Female,23,6,3,2,13.0
95,Female,23,7,3,3,19.0
95,Female,23,8,4,3,13.0
95,Female,23,9,2,3,12.0
95,Female,23,10,3,4,10.0
95,Female,23,10,3,4,5.0
95,Female,23,11,4,4,27.0
95,Female,23,11,4,4,24.0
95,Female,23,11,4,4,22.0
95,Female,23,12,2,4,21.0
95,Female,23,13,3,5,16.0
95,Female,23,13,3,5,24.0
95,Female,23,14,3,5,11.0
95,Female,23,15,2,5,9.0
95,Female,23,15,2,5,5.0
95,Female,23,15,2,5,22.0
96,Female,25,1,2,1,10.0
96,Female,25,2,2,1,25.0
96,Female,25,2,2,1,29.0
96,Female,25,3,3,1,28.0
96,Female,25,3,3,1,15.0
96,Female,25,3,3,1,28.0
96,Female,25,4,1,2,26.0
96,Female,25,4,1,2,27.0
96,Female,25,4,1,2,21.0
96,Female,25,5,4,2,25.0
96,Female,25,5,4,2,18.0
96,Female,25,5,4,2,25.0
96,Female,25,6,3,2,17.0
96,Female,25,7,3,3,14.0
96,Female,25,7,3,3,28.0
96,Female,25,7,3,3,6.0
96,Female,25,8,4,3,15.0
96,Female,25,8,4,3,23.0
96,Female,25,8,4,3,20.0
96,Female,25,9,2,3,29.0
96,Female,25,10,3,4,30.0
96,Female,25,11,4,4,21.0
96,Female,25,12,2,4,13.0
96,Female,25,13,3,5,12.0
96,Female,25,13,3,5,29.0
96,Female,25,14,3,5,15.0
96,Female,25,14,3,5,16.0
96,Female,25,15,2,5,29.0
96,Female,25,15,2,5,19.0
96,Female,25,15,2,5,23.0
97,Female,23,1,2,1,15.0
97,Female,23,1,2,1,21.0
97,Female,23,2,2,1,5.0
97,Female,23,2,2,1,10.0
97,Female,23,3,3,1,27.0
97,Female,23,3,3,1,8.0
97,Female,23,4,1,2,10.0
97,Female,23,4,1,2,9.0
97,Female,23,5,4,2,8.0
97,Female,23,5,4,2,18.0
97,Female,23,6,3,2,11.0
97,Female,23,6,3,2,8.0
97,Female,23,6,3,2,22.0
97,Female,23,7,3,3,25.0
97,Female,23,8,4,3,14.0
97,Female,23,8,4,3,28.0
97,Female,23,9,2,3,15.0
97,Female,23,10,3,4,30.0
97,Female,23,10,3,4,27.0
97,Female,23,11,4,4,22.0
97,Female,23,11,4,4,20.0
97,Female,23,12,2,4,30.0
97,Female,23,13,3,5,30.0
97,Female,23,13,3,5,29.0
97,Female,23,13,3,5,19.0
97,Female,23,14,3,5,30.0
97,Female,23,14,3,5,21.0
97,Female,23,14,3,5,5.0
97,Female,23,15,2,5,26.0
98,Female,24,1,2,1,26.0
98,Female,24,2,2,1,16.0
98,Female,24,3,3,1,18.0
98,Female,24,3,3,1,15.0
98,Female,24,4,1,2,21.0
98,Female,24,5,4,2,18.0
98,Female,24,5,4,2,24.0
98,Female,24,6,3,2,6.0
98,Female,24,6,3,2,28.0
98,Female,24,7,3,3,24.0
98,Female,24,8,4,3,15.0
98,Female,24,9,2,3,15.0
98,Female,24,10,3,4,22.0
98,Female,24,10,3,4,19.0
98,Female,24,10,3,4,9.0
98,Female,24,11,4,4,7.0
98,Female,24,11,4,4,24.0
98,Female,24,12,2,4,18.0
98,Female,24,12,2,4,22.0
98,Female,24,13,3,5,26.0
98,Female,24,13,3,5,29.0
98,Female,24,14,3,5,18.0
98,Female,24,14,3,5,5.0
98,Female,24,15,2,5,14.0
98,Female,24,15,2,5,6.0
98,Female,24,15,2,5,21.0
99,Female,21,1,2,1,15.0
99,Female,21,1,2,1,5.0
99,Female,21,1,2,1,10.0
99,Female,21,2,2,1,23.0
99,Female,21,2,2,1,21.0
99,Female,21,3,3,1,26.0
99,Female,21,3,3,1,10.0
99,Female,21,4,1,2,19.0
99,Female,21,4,1,2,23.0
99,Female,21,4,1,2,28.0
99,Female,21,5,4,2,25.0
99,Female,21,6,3,2,23.0
99,Female,21,7,3,3,22.0
99,Female,21,7,3,3,13.0
99,Female,21,7,3,3,29.0
99,Female,21,8,4,3,6.0
99,Female,21,8,4,3,11.0
99,Female,21,9,2,3,6.0
99,Female,21,10,3,4,6.0
99,Female,21,11,4,4,28.0
99,Female,21,11,4,4,22.0
99,Female,21,12,2,4,7.0
99,Female,21,12,2,4,19.0
99,Female,21,13,3,5,12.0
99,Female,21,13,3,5,22.0
99,Female,21,14,3,5,12.0
99,Female,21,15,2,5,27.0
99,Female,21,15,2,5,26.0
99,Female,21,15,2,5,6.0
100,Female,21,1,2,1,18.0
100,Female,21,1,2,1,18.0
100,Female,21,1,2,1,8.0
100,Female,21,2,2,1,15.0
100,Female,21,2,2,1,19.0
100,Female,21,2,2,1,28.0
100,Female,21,3,3,1,15.0
100,Female,21,3,3,1,23.0
100,Female,21,3,3,1,28.0
100,Female,21,4,1,2,14.0
100,Female,21,4,1,2,22.0
100,Female,21,5,4,2,12.0
100,Female,21,6,3,2,26.0
100,Female,21,6,3,2,23.0
100,Female,21,7,3,3,8.0
100,Female,21,7,3,3,10.0
100,Female,21,8,4,3,13.0
100,Female,21,9,2,3,25.0
100,Female,21,9,2,3,24.0
100,Female,21,9,2,3,6.0
100,Female,21,10,3,4,12.0
100,Female,21,11,4,4,6.0
100,Female,21,11,4,4,30.0
100,Female,21,11,4,4,5.0
100,Female,21,12,2,4,23.0
100,Female,21,12,2,4,15.0
100,Female,21,13,3,5,7.0
100,Female,21,13,3,5,15.0
100,Female,21,13,3,5,25.0
100,Female,21,14,3,5,7.0
100,Female,21,14,3,5,10.0
100,Female,21,14,3,5,14.0
100,Female,21,15,2,5,19.0
100,Female,21,15,2,5,26.0
1,Female,23,5,4,2,10.0
3,Male,22,8,4,3,8.0
3,Male,22,8,4,3,29.0
3,Male,22,5,4,2,20.0
3,Male,22,5,4,2,29.0
3,Male,22,9,2,3,15.0
3,Male,22,14,3,5,14.0
3,Male,22,10,3,4,11.0
3,Male,22,10,3,4,13.0
3,Male,22,1,2,1,7.0
3,Male,22,1,2,1,18.0
3,Male,22,3,3,1,9.0
3,Male,22,3,3,1,27.0
3,Male,22,12,2,4,13.0
4,Male,21,5,4,2,24.0
4,Male,21,7,3,3,22.0
4,Male,21,7,3,3,24.0
4,Male,21,4,1,2,6.0
4,Male,21,4,1,2,18.0
4,Male,21,3,3,1,20.0
4,Male,21,3,3,1,22.0
4,Male,21,8,4,3,9.0
4,Male,21,1,2,1,15.0
4,Male,21,13,3,5,19.0
4,Male,21,13,3,5,30.0
4,Male,21,9,2,3,6.0
4,Male,21,2,2,1,20.0
4,Male,21,2,2,1,22.0
14,Male,19,5,4,2,20.0
14,Male,19,3,3,1,24.0
14,Male,19,8,4,3,29.0
14,Male,19,8,4,3,6.0
14,Male,19,14,3,5,24.0
14,Male,19,7,3,3,20.0
14,Male,19,7,3,3,12.0
14,Male,19,6,3,2,22.0
14,Male,19,6,3,2,15.0
14,Male,19,1,2,1,27.0
14,Male,19,10,3,4,19.0
14,Male,19,10,3,4,22.0
14,Male,19,13,3,5,28.0
14,Male,19,4,1,2,30.0
14,Male,19,4,1,2,28.0
25,Female,18,15,2,5,9.0
25,Female,18,4,1,2,8.0
25,Female,18,1,2,1,12.0
25,Female,18,1,2,1,9.0
29,Female,23,15,2,5,21.0
29,Female,23,12,2,4,30.0
29,Female,23,12,2,4,22.0
29,Female,23,8,4,3,19.0
29,Female,23,10,3,4,8.0
29,Female,23,10,3,4,8.0
29,Female,23,1,2,1,27.0
29,Female,23,3,3,1,11.0
29,Female,23,2,2,1,15.0
29,Female,23,4,1,2,17.0
29,Female,23,6,3,2,14.0
29,Female,23,6,3,2,9.0
40,Female,20,2,2,1,12.0
40,Female,20,2,2,1,29.0
40,Female,20,1,2,1,27.0
40,Female,20,6,3,2,27.0
40,Female,20,6,3,2,30.0
40,Female,20,10,3,4,10.0
40,Female,20,11,4,4,23.0
40,Female,20,15,2,5,18.0
40,Female,20,15,2,5,5.0
40,Female,20,5,4,2,25.0
40,Female,20,7,3,3,16.0
40,Female,20,7,3,3,9.0
40,Female,20,4,1,2,30.0
40,Female,20,4,1,2,28.0
40,Female,20,3,3,1,8.0
40,Female,20,13,3,5,9.0
43,Female,22,3,3,1,24.0
43,Female,22,15,2,5,20.0
44,Female,21,4,1,2,5.0
44,Female,21,4,1,2,23.0
44,Female,21,15,2,5,14.0
44,Female,21,15,2,5,14.0
44,Female,21,6,3,2,27.0
44,Female,21,12,2,4,30.0
44,Female,21,7,3,3,17.0
44,Female,21,7,3,3,30.0
44,Female,21,11,4,4,26.0
44,Female,21,13,3,5,26.0
44,Female,21,9,2,3,23.0
44,Female,21,9,2,3,17.0
44,Female,21,8,4,3,16.0
44,Female,21,8,4,3,6.0
47,Female,19,6,3,2,22.0
47,Female,19,6,3,2,9.0
47,Female,19,2,2,1,29.0
47,Female,19,2,2,1,16.0
47,Female,19,12,2,4,10.0
47,Female,19,12,2,4,28.0
47,Female,19,1,2,1,19.0
47,Female,19,1,2,1,23.0
47,Female,19,8,4,3,11.0
47,Female,19,8,4,3,9.0
47,Female,19,15,2,5,17.0
47,Female,19,4,1,2,12.0
47,Female,19,4,1,2,17.0
47,Female,19,11,4,4,7.0
47,Female,19,11,4,4,27.0
47,Female,19,3,3,1,18.0
47,Female,19,3,3,1,5.0
50,Female,21,7,3,3,16.0
50,Female,21,7,3,3,5.0
50,Female,21,8,4,3,14.0
50,Female,21,11,4,4,13.0
50,Female,21,1,2,1,27.0
50,Female,21,2,2,1,13.0
50,Female,21,2,2,1,18.0
50,Female,21,12,2,4,23.0
50,Female,21,12,2,4,25.0
51,Female,23,7,3,3,29.0
51,Female,23,1,2,1,17.0
51,Female,23,1,2,1,6.0
51,Female,23,8,4,3,28.0
51,Female,23,8,4,3,14.0
51,Female,23,4,1,2,22.0
51,Female,23,4,1,2,7.0
51,Female,23,11,4,4,28.0
51,Female,23,11,4,4,19.0
51,Female,23,12,2,4,17.0
51,Female,23,12,2,4,16.0
51,Female,23,14,3,5,16.0
51,Female,23,14,3,5,18.0
62,Male,22,15,2,5,7.0
62,Male,22,15,2,5,29.0
62,Male,22,7,3,3,8.0
62,Male,22,13,3,5,29.0
62,Male,22,5,4,2,21.0
62,Male,22,5,4,2,25.0
62,Male,22,2,2,1,18.0
62,Male,22,14,3,5,19.0
62,Male,22,11,4,4,20.0
62,Male,22,11,4,4,24.0
62,Male,22,9,2,3,6.0
62,Male,22,8,4,3,19.0
62,Male,22,6,3,2,15.0
62,Male,22,6,3,2,25.0
70,Male,21,13,3,5,11.0
70,Male,21,13,3,5,18.0
70,Male,21,7,3,3,5.0
70,Male,21,1,2,1,29.0
70,Male,21,1,2,1,23.0
80,Female,19,5,4,2,11.0
80,Female,19,15,2,5,24.0
82,Male,24,6,3,2,24.0
82,Male,24,10,3,4,14.0
82,Male,24,10,3,4,20.0
82,Male,24,9,2,3,19.0
82,Male,24,15,2,5,29.0
82,Male,24,15,2,5,8.0
82,Male,24,8,4,3,22.0
82,Male,24,5,4,2,29.0
83,Female,24,13,3,5,22.0
83,Female,24,7,3,3,27.0
83,Female,24,5,4,2,20.0
83,Female,24,5,4,2,5.0
83,Female,24,12,2,4,26.0
83,Female,24,12,2,4,9.0
83,Female,24,9,2,3,19.0
83,Female,24,2,2,1,29.0
83,Female,24,4,1,2,5.0
83,Female,24,4,1,2,28.0
83,Female,24,10,3,4,12.0
83,Female,24,10,3,4,8.0
83,Female,24,11,4,4,18.0
83,Female,24,11,4,4,18.0
83,Female,24,8,4,3,24.0
83,Female,24,8,4,3,27.0
90,Female,18,8,4,3,8.0
90,Female,18,8,4,3,22.0
90,Female,18,11,4,4,5.0
90,Female,18,11,4,4,18.0
90,Female,18,7,3,3,8.0
90,Female,18,7,3,3,7.0
90,Female,18,15,2,5,11.0
90,Female,18,15,2,5,28.0
90,Female,18,12,2,4,26.0
90,Female,18,14,3,5,13.0
90,Female,18,14,3,5,23.0
90,Female,18,6,3,2,24.0
90,Female,18,6,3,2,5.0
91,Male,22,14,3,5,27.0
91,Male,22,14,3,5,7.0
91,Male,22,13,3,5,11.0
91,Male,22,13,3,5,12.0
91,Male,22,4,1,2,12.0
91,Male,22,12,2,4,6.0
91,Male,22,12,2,4,16.0
91,Male,22,8,4,3,19.0
91,Male,22,9,2,3,15.0
91,Male,22,5,4,2,14.0
91,Male,22,1,2,1,28.0
92,Male,25,5,4,2,25.0
92,Male,25,5,4,2,25.0
92,Male,25,1,2,1,18.0
92,Male,25,1,2,1,11.0
92,Male,25,8,4,3,26.0
92,Male,25,8,4,3,10.0
92,Male,25,9,2,3,9.0
92,Male,25,9,2,3,8.0
92,Male,25,6,3,2,7.0
92,Male,25,6,3,2,20.0
92,Male,25,15,2,5,21.0
92,Male,25,13,3,5,20.0
